,Name,Revenue
0,DONT WORRY BOUT ME,
1,DON'T YOU WORRY 'BOUT ME,
2,DRUNK IN THE MORNING,
3,NICE GUY,
4,BEFORE THE MORNING SUN,
5,CRIMINAL MIND,
6,DONT HURT ME THIS WAY,
7,BETTER THAN YOURSELF (CRIMINAL MIND PT 2),
8,WHEN YOU'RE WITH ME,
9,HOLBK BABY,
10,HOLBAK BABY,
11,KLASSEFESTEN - SAUNAMUSIK,
12,HAPPY HOME,
13,MAMA SAID,
14,HA LUO (MANDARIN VERSION),
15,HVOR ER DU NU - KLASSEFESTEN,
16,VENINDER,
17,7 YEARS,
18,TAKE THE WORLD BY STORM,
19,HAYO,
20,WHEN I WOKE UP (INTERLUDE),
21,PLAYTIME,
22,FUNERAL,
23,WHAT HAPPENED TO PERFECT,
24,STRIP NO MORE,
25,OFF TO SEE THE WORLD,
26,YOU'RE NOT THERE,
27,MARILYN,
28,HELLO,
29,ON THE WAY DOWN,
30,KRER FOR DIG,
31,BITTER,
32,AMAZING,
33,PAINKILLERS,
34,LULLABY,
35,HOLLYWOOD,
36,RISKY BUSINESS,
37,I WOULD IF I COULD,
38,HEARTBEAT,
39,HUNGOVER,
40,TRUTH,
41,BEFORE YOU GO,
42,ELSK MIG,
43,ASK FOR IT,
44,KEEP DREAMING,
45,KEEP DREAMING (CLUB EDIT),
46,HEAVEN,
47,COMING HOME,
48,I SEE YOU,
49,VENOM,
50,YOU'RE NOT THE ONLY ONE (REDEMPTION SONG),
51,PROMISE,
52,LOVE SOMEONE,
53,SAY YES (CHURCH BALLAD),
54,STICK AROUND,
55,UNHAPPY,
56,EVERYTHING THAT ISN'T ME,
57,HOLD MY HAND,
58,CRAZY LOVE,
59,NEVER BE ANOTHER,
60,NO NO NO,
61,SHADES,
62,MICHELLE,
63,MY GIRL,
64,ALCHEMIST,
65,IT'S A BEAUTIFUL LIFE,
66,DON'T WORRY 'BOUT ME,
67,HAPPY HOME (LUKAS GRAHAM),
68,I DON'T EVEN KNOW HOW TO DANCE,
69,WHEN I WOKE UP... (INTERLUDE),
70,RDDERNE,
71,TO BE PEOPLES,
72,ORDINARY THINGS,
73,MOVING ALONE,
74,NEVER LET ME DOWN,
75,APOLOGIZE,
76,DUMME PENGE,
77,ONLY ONE,
78,HUN ER P MIG,
79,SVNLS,
80,THE BLOW ANTHEM,
81,SHE AINT GOT NO MONEY FEAT LUKAS GRAHAM,
82,RADIO,X
83,WANNA KNOW,
84,BEDRE,
85,SAFE HERE,
86,NOT A DAMN THING CHANGED,
87,VGN OP,
88,LIE,
89,DRINKS IN THE BAR,
90,OOHHH,
91,ONEIRODYNI (SKRIG DET UD),
92,LAST SUMMER,
93,HAPPY SHE LEFT,
94,ONE LOVE,
95,BETTER OFF WITHOUT MY LOVE,
96,TTTERE END VI TROR,
97,HOW I FEEL,
98,COME GET YOUR BOYFRIEND,
99,HUSTLING,
100,WHERE I'M FROM,
101,CASUAL,
102,ET KORT GLIMT,
103,HUNG OVER,
104,VITO,
105,THE EVERYDAY BIT,
106,NOT COMING HOME,
107,BURNOUT,
108,SCARS,
109,LOSE SOMEBODY,
110,THE MILLION DOLLAR SONG,
111,LOVE SONGS,
112,BE THAT GUY,
113,NICE LIFE,
114,COMA,
115,FREQUENT FLYER,
116,HAMMERTIME,
117,MADURIN SUM GEKK MOTI LJOSINUM,
118,ELSK MIG (HEDEGAARD REMIX),
119,SWIMMING IN THE DEEP END,
120,SORGENFRI,
121,CAN'T STOP ME,
122,WOOSAH,
123,KRIBLE KRABLE,
124,SHARE THAT LOVE,
125,SWEET MELODY,
126,SHARE THAT LOVE (FEAT. G-EAZY),
127,HAPPY FOR YOU,
128,AMERICA,
129,ROEDDERNE,
130,TAETTERE END VI TROR,
131,Y,
132,CREATURE OF HABIT,
133,THIS IS JUST HOW I FEEL,
134,VAAGN OP,
135,HUN ER PAA MIG,
136,SOEVNLOES,
137,100,
138,FAMOUS,
139,NOT GOING HOME,
140,KISS AND RUN,
141,MOURNING SICKNESS,
142,I DIDN'T MEAN IT,
143,UNHAPPY ENDING,
144,RUNAWAY,
145,DUM DITTY DUMB,
146,ENDLESS SUMMER,
147,CONQUEROR,
148,MAYBE,
149,LOVE AIN'T ENOUGH,
150,ALWAYS TOMORROW,
151,BEHIND CLOSED DOORS,
152,DO NOT DISTURB,
153,NOWHERE,
154,OUTTA MY LEAGUE,
155,DREAMS,
156,LOVE OVERALL,
157,FANCY THINGS,
158,RIGHT NOW,
159,5000 MILES,
160,CAN'T KEEP MY HANDS OFF OF YOU,
161,YOU CHANGED ME,
162,NOT SURE,
163,YOU AND I,
164,WOMAN,
165,KILL THE LIGHTS,
166,ALL NIGHT,
167,LIPSTICK,
168,U DON'T KNOW,
169,LITTLE BIT MORE,
170,AIR,
171,YOU,
172,PLOT TWIST (NON-KYLE VERSION),
173,PLOT TWIST (KYLE VERSION),
174,NEVER TOO LATE,
175,COCAINA,
176,PLOT TWIST (REMIX),
177,SALVATION,
178,BLUE MADONNA,
179,US,
180,PLOTTIN,
181,HALLELUJAH,
182,BETTER THAN YOURSELF     (CRIMINAL MIND PT 2),
183,WHEN I WOKE UP     (INTERLUDE),
184,KLASSEFESTEN SAUNAMUSIK,
185,HVOR ER DU NU KLASSEFESTEN,
186,MASSEY HALL,
187,ONE HUNDRED,
188,DON'T HURT ME THIS WAY,
189,DON'T LOOK BACK AT A STRANGER,
190,BODY TO BODY,
191,FATHER TIME,
192,LAST TIME,
193,I DON'T MISS MY EX,
194,OHHH,
195,VEGAS,
196,SOVNLOS,
197,HUSTLIN,
198,THEY DON'T KNOW,
199,DENY IT,
200,CURFEW,
201,JUST TO FEEL ALIVE (REMIX),
202,MERCY,
203,IMPORTED,
204,WEEK,
205,NOT DISCUSS IT,
206,SELFISH,
207,SHARE THAT LOVE (WITHOUT G-EAZY),
208,SHARE THAT LOVE (ACOUSTIC),
209,YOU’RE NOT THE ONLY ONE (REDEMPTION SONG),
210,PERMISSION,
211,STUPID,
212,THOUSAND WAYS,
213,SUMMER DAYS,
214,IMPORTED (REMIX),
215,RUN DON'T WALK,
216,THESE ARE THE TIMES,
217,REMEMBER TO FORGET ME,
218,IMPORTED (SPANGLISH VERSION),
219,ALL IN,
220,FLOAT,
221,CALL ME HUMAN,
222,LONELINESS FOR LOVE,
223,LIT,
224,REBOUND,
225,I DO,
226,GHOST,
227,SAVE US,
228,GOODNIGHT,
229,TALK TO ME,
230,COME GET YOU A BOYFRIEND,
231,MOVIE,X
232,THIS IS WHAT IT FEELS LIKE,
233,THE 3 OF US,
234,NO ONE,
235,WRONG SIDE OF LOVE,X
236,DO YOU THINK ABOUT IT,
237,YOU?RE NOT THE ONLY ONE (REDEMPTION SONG),
238,EVERYTHING THAT ISN T ME,
239,SAY YES CHURCH BALLAD,
240,YouTube - Proxy A/V Perf.,X
241,IT S A BEAUTIFUL LIFE,
242,Multiple,X
243,ONLY GETS BETTER,
244,PLOT TWIST KYLE VERSION,
245,PLOT TWIST,
246,PLOT TWIST (REMIX FEAT HAILEE STEINFELD),
247,YouTube Settlement 2013-2016 - Proxy A/V Perf.,X
248,DON T YOU WORRY BOUT ME,
249,U DON T KNOW,
250,IMPORTED SPANGLISH,
251,GET HIGH,
252,I DO.,
253,IMPORTED REMIX,
254,PLOT TWIST REMIX FEAT HAILEE STEINFELD,
255,JUST TO FEEL ALIVE,
256,JUST TO FEEL ALIVE FEAT. JRM (SAM FELDT REMIX),
257,SALVATION FEAT. JRM & KATIE PEARLMAN,
258,CAN T KEEP MY HANDS OFF OF YOU,
259,LIT BIT MORE (REMIX),
260,RESIDUAL PAYMENT FROM AUGUST 2020 DISTRIBUTION,X
261,JUST TO FEEL ALIVE (FEAT. JRM)(REMIX),
262,RUN AWAY,
263,TITLE UNKNOWN,X
264,NORMALZUSCHLAG,X
265,LET IT POUR,
266,REMEMBER TO FORGET,
267,GIVING IT UP,
268,IMPORTED (SPANGLISH),
269,FIRE IT UP,
270,ADD. DISTRIBUTION FOR PUBLIC PERFORMANCE 2019/1,X
271,ADD. DISTRIBUTION FOR PUBLIC PERFORMANCES 2018/2,X
272,ADD. DISTRIBUTION RADIO NIEPUBLICZNE GROUP III 201,X
273,ADD. DISTRIBUTION RADIO NIEPUBLICZNE GROUP IV 2018,X
274,ADD. DISTRIBUTION RADIO PUB. CENTRALNE 2018,X
275,ADD. DISTRIBUTION RADIO REG KATOWICE 2018,X
276,ADD. DISTRIBUTION RADIO REG OLSZTYN 2018,X
277,ADD. DISTRIBUTION RADIO REG POZNAN 2018,X
278,ADD. DISTRIBUTION RADIO REG RZESZOW 2018,X
279,ADD. DISTRIBUTION RADIO REG WARSZAWA 2018,X
280,ADD. DISTRIBUTION RADIO REG WROCLAW 2018,X
281,ADD. DISTRIBUTION RADIO REG ZIELONA GORA 2018,X
282,ADD. DISTRIBUTION RADIO ZET 2018,X
283,ADD. DISTRIBUTION TV ESKA 2018,X
284,REEMISSION 2018: RADIO NIEPUBLICZNE III GRUPA 2018,X
285,REEMISSION 2018: RADIO NIEPUBLICZNE IV GRUPA 2018,X
286,BUILD ME UP,
287,JUST TO FEEL ALIVE (FEAT. JRM),
288,OUT OF MY LEAGUE,
289,RYLTY SUPP JAN 19 - JUN 19,X
290,CALL ME HUMAN (FEAT. SKIP MARLEY & FRENCH MONTANA),
291,DOIN TO ME,
292,LIVE WITH KELLY AND RYAN,X
293,SUMMER ANIMALS MATTERS (DEVIZ BANG & EDSHOCK VS. R,
294,IMPORTED /REMIX/,
295,BACK AND FORTH,
296,CART JUL 2018 - JUL 2018,X
297,ESP2 JUL 2018 - JUL 2018,X
298,ESPN JUL 2018 - JUL 2018,X
299,LOVE IS A FEELING,
300,FOX APR 2018 - APR 2018,X
301,HBO APR 2018 - APR 2018,X
302,HBOS APR 2018 - APR 2018,X
303,LIFE APR 2018 - APR 2018,X
304,I DIDN T MEAN IT,
305,JUST TO FEEL ALIVE /FEAT JRM/,
306,REEMISSION 2017: RADIO NIEPUBLICZNE IV GRUPA 2017,X
307,REEMISSION 2017: RADIO PUBLICZNE CENTRALNE 2017,X
308,U DONT KNOW,
309,ABC JAN 2015 - DEC 2015,X
310,ABC JAN 2015 - DEC 2016,X
311,ABC JAN 2016 - DEC 2016,X
312,BET JAN 2015 - DEC 2016,X
313,CBS JAN 2015 - DEC 2015,X
314,CBS JAN 2015 - DEC 2016,X
315,CENT JAN 2015 - DEC 2016,X
316,FOX JAN 2015 - DEC 2015,X
317,FOX JAN 2015 - DEC 2016,X
318,MTV2 JAN 2016 - DEC 2016,X
319,MTVJ JAN 2015 - DEC 2015,X
320,MTVJ JAN 2016 - DEC 2016,X
321,FOX JAN 2015 - JUL 2017,X
322,KMTV JAN 2015 - JUL 2017,X
323,CENT JAN 2018 - APR 2018,X
324,HBO2 JAN 2018 - APR 2018,X
325,HBO JAN 2018 - APR 2018,X
326,HBOS JAN 2018 - APR 2018,X
327,LIFE JAN 2018 - APR 2018,X
328,VH1 JAN 2018 - APR 2018,X
329,RYLTY SUPP MAY 18 - AUG 18,X
330,AE JUL 2018 - JUL 2018,X
331,DISC JUL 2018 - JUL 2018,X
332,FOOD JUL 2018 - JUL 2018,X
333,FOX JUL 2018 - JUL 2018,X
334,FSP1 JUL 2018 - JUL 2018,X
335,HBO JUL 2018 - JUL 2018,X
336,HBOS JUL 2018 - JUL 2018,X
337,HIST JUL 2018 - JUL 2018,X
338,MTV JUL 2018 - JUL 2018,X
339,TNT JUL 2018 - JUL 2018,X
340,WTBS JUL 2018 - JUL 2018,X
341,FOX JUL 2015 - JUL 2015,X
342,MTV JAN 2016 - DEC 2017,X
343,BBCA JUL 2018 - JUL 2018,X
344,F/X JUL 2018 - JUL 2018,X
345,MTVC JUL 2018 - JUL 2018,X
346,NFLC JUL 2018 - JUL 2018,X
347,PLOT TWIST REMIX,
348,FOX JAN 2016 - DEC 2016,X
349,F/X JAN 2016 - DEC 2016,X
350,ADD.DISTRIBUTION FOR PRIVATE RADIO GR IV 2017,X
351,ADD. DISTRIBUTION FOR PUBLIC PERFORMANCE 2018/1,X
352,ADD. DISTRIBUTION FOR PUBLIC PERFORMANCES 2017/2,X
353,ADD.DISTRIBUTION FOR RADIO OLSZTYN 2017,X
354,ADD.DISTRIBUTION FOR RADIO PUB.CENTRALNE 2016,X
355,ADD.DISTRIBUTION FOR RADIO PUB.CENTRALNE 2017,X
356,ADD.DISTRIBUTION FOR RADIO RZESZOW 2017,X
357,ADD.DISTRIBUTION FOR RADIO WARSZAWA 2017,X
358,RYLTY SUPP JUL 18 - DEC 18,X
359,NETFLIX JUL - SEPT 2015,X
360,GOODBYE,
361,LATE SHOW WITH STEPHEN COLBERT,X
362,SOCAN SUPPLEMENT 2020,X
363,WHITE CLAW THEME SONG,X
364,PRIVATE COPYING PROXY DIST 2017 SETTLEMENT,X
365,PRIVATE COPYING PROXY DIST 2018 SETTLEMENT,X
366,YOUTUBE PROXY DIST 2017 SETTLEMENT,X
367,PLOT TWIST /KYLE VERSION/,
368,ADD. DISTRIBUTION RADIO PUBLICZNE CENTRALNE 2018,X
369,ADD. DISTRIBUTION REGION. ROZGL. RADIOWA BIALYSTOK,X
370,ADD. DISTRIBUTION REGION. ROZGL. RADIOWA KATOWICE,X
371,ADD. DISTRIBUTION REGION. ROZGL. RADIOWA OLSZTYN20,X
372,ADD. DISTRIBUTION REGION. ROZGL. RADIOWA POZNAN 20,X
373,ADD. DISTRIBUTION REGION. ROZGL. RADIOWA RZESZOW 2,X
374,ADD. DISTRIBUTION REGION. ROZGL. RADIOWA WARSZAWA,X
375,ADD. DISTRIBUTION REGION. ROZGL. RADIOWA WROCLAW 2,X
376,ADD. DISTRIBUTION REGION. ROZGL. RADIOWA ZIELONA G,X
377,ADDITIONAL DISTRIBUTION,X
378,A THOUSAND WAYS,
379,REEMISSION 2018: ESKA TV 2018,X
380,REEMISSION UPC 2018: ESKA TV 2018,X
381,PLOT TWIST FEAT KYLE,
382,PRIVATE COPY SETTLEMENT 2019,X
383,SACEM SUPPLEMENTAL DIST 648,X
384,ROCK BOTTOM,
385,SALVATION FEAT JRM & KATIE PEA,
386,JUST TO FEEL ALIVE (FEAT. JRM) (SAM FELDT REMIX),
387,ALL NIGHT (LIVE AT TIDAL X: 10/15),
388,FACEBOOK PROXY DIST 2018 SETTLEMENT,X
389,YOUTUBE PROXY DIST 2018 SETTLEMENT,X
390,RESIDUAL PAYMENT 1ST & 2ND HALF 2018,X
391,YOU DONT KNOW,
392,MCHC JAN 2017 - DEC 2017,X
393,HBO JAN 2018 - JAN 2018,X
394,LIFE JAN 2018 - JAN 2018,X
395,NEIGHBORS,
396,MTVH JAN 2017 - DEC 2017,X
397,BET JAN 2017 - DEC 2017,X
398,THERE I GO AGAIN,
399,PRIVATE COPYING PROXY DIST 2011 - 2016 SETTLEMENT,X
400,YOUTUBE PROXY DIST 2011 - 2016 SETTLEMENT,X
401,HBO JAN 2016 - DEC 2016,X
402,ADD. DISTR. ITUNES S.A.R.L. 2011/10-2016/12,X
403,ADD DISTR RADIO PUBLICZNE CENTRALNE 2017,X
404,ADD DISTR REGION. ROZGL. RADIOWA W OLSZTYNIE,X
405,ADD DISTR REGION. ROZGL. RADIOWA W POZNANIU 2017,X
406,ADD DISTR REGION. ROZGL. RADIOWA W RZESZOWIE 2017,X
407,ADD DISTR REGION. ROZGL. RADIOWA W SZCZECINIE 2017,X
408,ADD DISTR REGION. ROZGL. RADIOWA W WARSZAWIE (RDC),X
409,REEMISSION ITI NEOVISION 2017: RADIO PUBLICZNE CEN,X
410,SUMMER CYAH DONE,
411,JUST TO FEEL ALIVE FEAT JRM REMIX,
412,GODFATHER OF HARLEM,
413,GEMA SUPPLEMENT 2019,X
414,ADD. DISTRIBUTION FOR RADIO BIALYSTOK 2019,X
415,ADD. DISTRIBUTION FOR RADIO KATOWICE 2019,X
416,ADD. DISTRIBUTION FOR RADIO OLSZTYN 2019,X
417,ADD. DISTRIBUTION FOR RADIO RZESZOW 2019,X
418,ADD. DISTRIBUTION FOR RADIO WARSZAWA (RDC) 2019,X
419,ADD. DISTRIBUTION FOR RADIO WROCLAW 2019,X
420,ADD. DISTRIBUTION FOR RADIO ZIELONA GORA 2019,X
421,ADD. DISTRIBUTION PUBLIC PERFORMANCES BY POINTS 1H,X
422,ADD. DISTR. LIVE PERFORMANCES/ CONCERTS 2Q 2019-1Q,X
423,REEMISSION 2019: ESKA TV 2019,X
424,REEMISSION 2019: RADIO NIEPUBLICZNE III GRUPA 2019,X
425,REEMISSION 2019: RADIO NIEPUBLICZNE IV GRUPA 2019,X
426,REEMISSION 2019: REGION. ROZGL. RADIOWA WE WROCLAW,X
427,REEMISSION 2019: TV 4FUN 2019 II GRUPA,X
428,REEMISSION 2019: TV POLSAT 2019,X
429,REEMISSION ITI NEOVISION 2019: ESKA TV 2019,X
430,REEMISSION ITI NEOVISION 2019: RADIO NIEPUBLICZNE,X
431,REEMISSION ITI NEOVISION 2019: TV 4FUN 2019 II GRU,X
432,REEMISSION ITI NEOVISION 2019: TV POLSAT 2019,X
433,REEMISSION POLSAT CYFROWY 2019: TV POLSAT 2019,X
434,REEMISSION UPC 2019: ESKA TV 2019,X
435,REEMISSION UPC 2019: RADIO NIEPUBLICZNE III GRUPA,X
436,REEMISSION UPC 2019: RADIO NIEPUBLICZNE IV GRUPA 2,X
437,REEMISSION UPC 2019: TV 4FUN 2019 II GRUPA,X
438,REEMISSION UPC 2019: TV POLSAT 2019,X
439,REEMISSION VECTRA S.A 2004 - 2018: ESKA TV 2018,X
440,REEMISSION VECTRA S.A 2004 - 2018: RADIO NIEPUBLIC,X
441,REEMISSION VECTRA S.A 2004 - 2018: RADIO PUBLICZNE,X
442,YOU RE NOT THE ONLY ONE REDEMPTION SONG,
443,FILSCAP SUPPLEMENT 2019,X
444,HEAL THE PAIN,
445,HONEY,
446,LOVE AGAIN,
447,OFTEN,
448,SILVER MORNING,
449,CBS JAN 2016 - DEC 2016,X
450,FXNC JAN 2015 - DEC 2016,X
451,NBC JAN 2015 - DEC 2016,X
452,NBC JAN 2016 - DEC 2016,X
453,TEEN JAN 2015 - DEC 2016,X
454,TEEN JAN 2016 - DEC 2016,X
455,WTBS JAN 2015 - DEC 2016,X
456,UNIV JAN 2017 - DEC 2017,X
457,GREY S ANATOMY,
458,SOCAN SUPPLEMENT 3 Q 2020,X
459,WOOSA,
460,PRIVATE COPYING PROXY DIST 2019 SETTLEMENT,X
461,RYLTY SUPP OCT 19-SEPT 20,X
462,YOU RE NOT THERE,
463,ETV JAN 2017 - DEC 2017,X
464,UNIV JUL 2017 - JUL 2017,X
465,WHEN YOU BELIEVE,
466,FXNC APR 2016 - APR 2016,X
467,FOX JAN 2016 - JAN 2016,X
468,MTV JAN 2016 - JAN 2016,X
469,MTV JUL 2016 - JUL 2016,X
470,NBC APR 2016 - APR 2016,X
471,NBC JAN 2016 - JAN 2016,X
472,NBC JUL 2016 - JUL 2016,X
473,FOX DEC 2016 - DEC 2016,X
474,MTVH DEC 2016 - DEC 2016,X
475,MTVH JUL 2016 - JUL 2016,X
476,UNIV DEC 2016 - DEC 2016,X
477,ABC JAN 2017 - APR 2017,X
478,CBS JAN 2017 - APR 2017,X
479,ETV JAN 2017 - APR 2017,X
480,MTV2 JAN 2017 - APR 2017,X
481,MTVH JAN 2017 - APR 2017,X
482,WDIV JAN 2017 - APR 2017,X
483,MCHC JUL 2016 - APR 2017,X
484,XENON,
485,VH1S JUL 2017 - JUL 2017,X
486,RYLTY SUPP JAN 18 - JUN 18,X
487,ETV JAN 2017 - JAN 2017,X
488,PLEASE!,
489,KISS AND RUN (ALTERNATE INTRO),
490,F/X JAN 2015 - DEC 2015,X
491,FXNC JAN 2016 - DEC 2016,X
492,MTVH JAN 2017 - JAN 2017,X
493,MCHC JAN 2016 - DEC 2016,X
494,RYLTY SUPP JAN 2018,X
495,HBO APR 2016 - APR 2016,X
496,VH1 JUL 2016 - JUL 2016,X
497,VH1S JUL 2017 - DEC 2017,X
498,RYLTY SUPP JUL 18  OCT 18,X
499,BET JAN 2017 - APR 2017,X
500,CENT JAN 2017 - APR 2017,X
501,VH1S JAN 2017 - APR 2017,X
502,COM DEC 2016 - DEC 2016,X
503,HBOL JAN 2015 - DEC 2016,X
504,HBOL APR 2016 - APR 2016,X
505,RYLTY SUPP DEC 2017,X
506,HBO2 APR 2016 - APR 2016,X
507,COM JAN 2016 - DEC 2016,X
508,ROYALTY SUPPLEMENT,X
509,UNHAPPY ENDING (DEXPLICIT REMIX),
510,NETFLIX - ADDITIONAL FEES,X
0,(LOVE IS LIKE A) WILD ROSE,
1,A PLACE IN THE COUNTRY,
2,ARE YOU ON THE ROAD TO LOVING ME AGAIN?,
3,BUD AND SISSY SONG,
4,DON'T CALL HIM A COWBOY,
5,DON'T MAKE ME DREAM,
6,DON'TCHA JUST LOVE IT,
7,EASE THE FEVER,
8,EVERYTHING I'LL EVER OWN,
9,HEARTACHE HEADED MY WAY,
10,HERE COMES THAT SONG AGAIN,
11,HOLD IT RIGHT THERE,
12,HONKY-TONK HEART,
13,I HOPE YOU GET WHAT YOU WANT,
14,I OUGHT TO FEEL GUILTY,
15,I STILL BELIEVE IN WALTZES,
16,I THINK I COULD LOVE YOU,
17,IF I COULD ONLY DANCE WITH YOU,
18,IF YOU HAD A HEART,
19,IT'S GONNA BE ME,
20,JASON,
21,LAY MY BODY DOWN,
22,LET'S PUT OUR LOVE IN MOTION,
23,LIVING TOGETHER,
24,LONELY AS THE NIGHT IS LONG,
25,LOOK AT THE ONE (WHO'S BEEN LOOKING AT YOU),
26,LOOKING FOR LOVE,
27,LOOKING FOR LOVE (REVERTED - FOR ALL USES AFTER 7/24/2014),
28,LOVE BY LOVE,
29,LOVE IS NEVER EASY,
30,LOVE NEVER COMES EASY,
31,LOVE THE WORLD AWAY,
32,ME AND THE MAN IN THE MOON,
33,MENTION A MANSION,
34,MOONLIGHT MADNESS,
35,NOW THERE'S YOU,
36,OH HONEY OH BABE,
37,ONE NIGHT FEVER,
38,OUT THERE,
39,PERFECT WORLD,
40,SHE CAN'T GET MY LOVE OFF THE BED,
41,SHINE ALL YOUR SWEET LOVE ON ME,
42,SOME LOVE SONGS NEVER DIE,
43,SOMEONE MUST BE MISSIN' YOU TONIGHT,
44,SONG OF THE LAND,
45,STUCK RIGHT IN THE MIDDLE OF YOUR LOVE,
46,THE HEART IS A GAMBLER,
47,THE LOVE SHE FOUND IN ME,
48,THE USED-TO-BES,
49,THERE I GO DREAMING AGAIN,
50,"TONIGHT, THE HEARTACHE'S ON ME",
51,TOO SAD FOR LAUGHIN',
52,UP TO HEAVEN (YOU LIFT ME),
53,WE'LL WALTZ IN LOVE TONIGHT,
54,WHAT DO YOU KNOW ABOUT HEARTACHE,
55,WHAT ONE NIGHT CAN DO,
56,WHAT YOU GONNA DO WITH THAT BEAUTIFUL BODY,
57,WHEN I'M THROUGH FALLIN' APART,
58,WHERE'S THAT MUSIC COMIN' FROM,
59,"WHISKEY, IF YOU WERE A WOMAN",
60,WORKING GIRL'S DREAM,
61,YES!,
62,YOU NEVER LOOKED THIS GOOD WHEN YOU WERE MINE,
63,YOU WERE THERE,
64,YOU'D MAKE AN ANGEL WANT TO CHEAT,
65,ANDIE'S SONG,
66,DANGEROUS DIRT,
67,DIM THE LIGHTS AND POUR THE WINE,
68,I NEED TO FALL IN LOVE AGAIN,
69,LIVIN' IN THE RED,
70,ONE LESS LONELY NIGHT,
71,ONLY TIME AND TEARS WILL TELL,
72,SKINNY GIRL,
73,THE ATTITUDE,
74,THE POWER SONG,
75,TIED UP BEING FREE,
76,WHO NEEDS YOU,
77,YOU DON'T HAVE TO SAY YOU LOVE ME,
78,"A NEW MOON, AN OLD FLAME AND YOU",
79,"DON'T SAY GOODNIGHT, SAY GOOD MORNING",
80,JUST ANOTHER WOMAN IN LOVE,
81,NOT ALLOCATED BY TITLE - SOUTHERN DAYS MUSIC,X
82,DUST (NOT OURS TO CLAIM),
83,YOU MAY NEVER KNOW LOVE AT ALL,
84,I'M LETTIN' YOU IN (ON A FEELIN'),
85,GOODNIGHT COWBOY GOODNIGHT,
86,MORE NIGHTS,
87,SATAN WORE SATIN,
88,,X
0,Love In This Club,
1,Love More,
2,Back To Love,
3,Bad Habits,
4,Burn Slow,
5,Don't Check On Me,
6,Heat,
7,Melanin,
8,New Flame,
9,No Limit,
10,Look At Her,
11,Birthday,
12,Blow It In The Wind,
13,Guilty,
14,I'm Legit,
15,Love 'Em All,
16,Love In This Club Part II,
17,Love Killa,
18,Might Cuff You,
19,Sing Like Me,
20,That Old Man,
21,Too Many Reasons,
22,You Can't,
23,Another Planet,
24,Dis Old Man,
25,Strut,
26,CREEP,
27,GOOD GIRLS,
28,DON T CHECK ON ME,
29,U CAN T,
30,YOU CAN T,
31,Facebook Proxy Performances,X
32,I M LEGIT FEAT CIARA,
33,DART FUND DISTRIBUTION,X
34,I M LEGIT,
35,NETFLIX - ADDITIONAL FEES,X
36,Multiple,X
37,YouTube Settlement 2013-2016 - Proxy A/V Perf.,X
38,NOTHIN' ON YOU,
39,OUTSIDE LOOKING IN,
40,OVER IT,
41,SEXAHOLIX,
42,SOCAN SUPPLEMENT 2020,X
43,NOTHIN ON YOU,
44,PRIVATE COPYING PROXY DIST 2017 SETTLEMENT,X
45,PRIVATE COPYING PROXY DIST 2018 SETTLEMENT,X
46,YOUTUBE PROXY DIST 2017 SETTLEMENT,X
47,PROXY NOV 2014-FEB 2020 SETTLEMENT,X
48,DON'T CHECK ON ME (FEAT. JUSTIN BIEBER & INK),
49,LUVA,
50,DO YOU REMEMBER THE TIME,
51,INVINCIBLE,
52,WHEN I PRETEND,
53,ADD. DISTRIBUTION REGION. ROZGL. RADIOWA LUBLIN 20,X
54,GET DOWN,
55,LONG DISTANCE LETTER,
56,UNKNOWN TITLE,X
57,PRIVATE COPY SETTLEMENT 2019,X
58,LUNCH IN THE PUB,
59,I M LEGIT FEAT. CIARA,
60,CRUISING,
61,LOVE IN THIS CLUB II,
62,NO LIMIT FEAT YOUNG THUG,
63,BEAUTIFUL WORDS,
64,DON'T CHECK ON ME (FEAT.,
65,FACEBOOK PROXY DIST 2018 SETTLEMENT,X
66,GEMA SUPPLEMENT 2019,X
67,NORMALZUSCHLAG,X
68,YOUTUBE PROXY DIST 2018 SETTLEMENT,X
69,RESIDUAL PAYMENT 1ST & 2ND HALF 2018,X
70,DON T CHECK ON ME /FEAT JUSTI,
71,ADD. DISTRIBUTION FOR RADIO OPOLE 2019,X
72,ADD. DISTRIBUTION PUBLIC PERFORMANCES BY POINTS 1H,X
73,ADD.DISTR. MUSIC USED IN CINEMA FILMS 01.04.2019-3,X
74,REEMISSION VECTRA S.A 2004 - 2018: RADIO NIEPUBLIC,X
75,NEW FLAME (FEAT. USHER & RICK ROSS),
76,SANTA DON'T STOP,
77,DON'T CHECK ON ME FEAT JUSTIN BIEBER & INK,
78,PRS SUPPLEMENT 2019,X
79,SOCAN SUPPLEMENT 3 Q 2020,X
80,DON'T CHECK ON ME (FEAT. JUSTIN BIEBER &,
81,PRIVATE COPYING PROXY DIST 2019 SETTLEMENT,X
82,ADD.DISTRIBUTION FOR PUBLIC PERFORMANCES 1HALF 201,X
83,ADD.DISTRIBUTION FOR PUBLIC PERFORMANCES 2HALF 201,X
84,ADD. DISTRIBUTION RADIO NIEPUBLICZNE GROUP IV 2015,X
85,ADDITIONAL DISTRIBUTION RADIO LUBLIN 2015,X
86,ADDITIONAL DISTRIBUTION RADIO PUBLICZNE CENTRALNE,X
87,RYLTY SUPP OCT 19-SEPT 20,X
88,MCHC JAN 2017 - DEC 2017,X
89,THERE I GO AGAIN,
90,PRIVATE COPYING PROXY DIST 2011 - 2016 SETTLEMENT,X
91,YOUTUBE PROXY DIST 2011 - 2016 SETTLEMENT,X
92,ADD. DISTR. ITUNES S.A.R.L. 2011/10-2016/12,X
93,ADD DISTR REGION. ROZGL. RADIOWA W OPOLU,X
94,REEMISSION UPC 2017: RADIO NIEPUBLICZNE IV GRUPA 2,X
95,ROYALTY SUPPLEMENT,X
96,I WISH,
97,RYLTY SUPP MAY 18 - AUG 18,X
98,MTV JAN 2016 - DEC 2017,X
99,MTV JAN 2016 - DEC 2016,X
100,ADD.DISTRIBUTION FOR PRIVATE RADIO GR IV 2017,X
101,ADD. DISTRIBUTION FOR PUBLIC PERFORMANCE 2018/1,X
102,ADD. DISTRIBUTION FOR PUBLIC PERFORMANCES 2017/2,X
103,ADD.DISTRIBUTION FOR TVP 2013,X
104,IT'S NOT OVER,
105,RYLTY SUPP JUL 18 - DEC 18,X
106,NETFLIX OCT - DEC 2017,X
107,SAYCE - ADDITIONAL TV PERFORMANCES,X
108,FACEBOOK PROXY DIST 2019 SETTLEMENT,X
109,PRIVATE COPYING ADDITIONAL FEES 2017-2019,X
110,YOUTUBE PROXY DIST 2019 SETTLEMENT,X
111,SACM - ADDITIONAL TV & FILM PERFORMANCES,X
112,ADD.DISTRIBUTION FOR PUBLIC PERFORMANCES 2019/2,X
113,ADD.DISTRIBUTION FOR PUBLIC PERFORMANCES 2020/1,X
114,ADD. DISTRIBUTION PUBLIC PERFORMANCES BY POINTS 2H,X
115,ADD.DISTR. MUSIC USED IN CINEMA FILMS 2Q 2020 - 1Q,X
116,MY REALITY,
117,MISS POPULARITY,
118,NO ORDINARY GIRL,
119,RESIDUAL PAYMENT FROM AUGUST 2020 DISTRIBUTION,X
120,TITLE UNKNOWN,X
121,ADD. DISTRIBUTION FOR PUBLIC PERFORMANCE 2019/1,X
122,ADD. DISTRIBUTION FOR PUBLIC PERFORMANCES 2018/2,X
123,ADD. DISTRIBUTION RADIO NIEPUBLICZNE GROUP III 201,X
124,ADD. DISTRIBUTION - RADIO PUBL. CENTRALNE 2014,X
125,ADD. DISTRIBUTION RADIO REG. BIALYSTOK 2014,X
126,ADD. DISTRIBUTION RADIO REG. LODZ 2014,X
127,ADD. DISTRIBUTION RADIO REG. LUBLIN 2014,X
128,ADD. DISTRIBUTION RADIO REG. ZIIELONA GORA 2014,X
129,RT 2018 ADDITIONAL FOR 2012,X
130,RYLTY SUPP JAN 19 - JUN 19,X
131,SACEM SUPPLEMENTAL DIST 648,X
132,SANTA DON T STOP,
133,ADD. DISTRIBUTION FOR GOOGLE PLAY 2014-2015 RESIDU,X
134,ADD. DISTRIBUTION FOR TV POLSAT 2014,X
135,REEMISSION 2017: RADIO NIEPUBLICZNE IV GRUPA 2017,X
136,ABC JAN 2015 - DEC 2016,X
137,ABC JAN 2016 - DEC 2016,X
138,BET JAN 2015 - DEC 2016,X
139,CENT JAN 2015 - DEC 2016,X
140,MTV2 JAN 2016 - DEC 2016,X
141,MTVJ JAN 2016 - DEC 2016,X
142,SONY JAN 2015 - JUL 2017,X
143,CENT JAN 2018 - APR 2018,X
144,LOVE EM ALL,
145,GOLD WRAPPERS,
146,I WANN ABE UKE JUERGEN KLOPP,
147,FOX JUL 2016 - JUL 2016,X
148,MTVH JUL 2016 - JUL 2016,X
149,VH1 APR 2016 - APR 2016,X
150,RYLTY SUPP JUL 18  OCT 18,X
151,CENT JAN 2017 - APR 2017,X
152,FOX JAN 2004 - DEC 2013,X
153,HBO DEC 2008 - DEC 2013,X
154,HBO JAN 2004 - DEC 2013,X
155,HBOL DEC 2008 - DEC 2013,X
156,HBOL JAN 2004 - DEC 2013,X
157,HBOS DEC 2008 - DEC 2013,X
158,HBOS JAN 2004 - DEC 2013,X
159,COM JAN 2016 - DEC 2016,X
160,MTVJ DEC 2016 - DEC 2016,X
161,RYLTY SUPP JAN 2018,X
162,MCHC JUL 2016 - APR 2017,X
163,RYLTY SUPP JAN 18 - JUN 18,X
164,FOX JAN 1994 - DEC 2013,X
165,HBOL JAN 1994 - DEC 2013,X
166,HBOS JAN 1994 - DEC 2013,X
167,RYLTY SUPP DEC 2017,X
0,BIG 38,
1,HOW I M COMING,
2,LAST TIME THAT I CHECC D,
3,GOIN UP,
4,BEST FRIEND,
5,BET,
6,CHOKE ON ME,
7,KEEP BALLIN,
8,LIL BABY,
9,MIND YOURS,
10,NO MORE,
11,3 DEEP,
12,NOBODYS SAFE,
13,KILLA CITY,
14,SAFE,
15,ALL BLUE,
16,FIRE,
17,PAUSE,
18,HAD A DREAM,
19,NCTA - BASIC,X
20,ADDITIONAL REVENUE,X
21,CABLE RETRANSMISSION PROGRAMS,X
22,WHO RUN IT,
23,FEELINGS,
24,DETAILS,
25,DARK SHADES,
26,TYM,
27,ONCE UPON A TIME,
28,BUST A LEFT,
29,SISTERHOOD OF HIP HOP-CUES,
30,NORMALZUSCHLAG,X
31,DEDICATE,
32,RHYTHM FLOW,
33,LAST TIME THAT I CHECC D FEAT,
34,ALL HUNNIDS,
35,RIDE IT,
36,KEEP IT,
37,BEAT IT,
38,SHE READY,
39,NEW ONE,
40,NEVER SEEN THIS,
41,CAME IN,
42,BOUNCE,
43,COME THRU,
44,SUICIDE,
45,LAST TIME THAT I CHECC'D,
46,ICKY VICKY,
47,NOBODY'S SAFE,
48,SHE WEAK,
49,BUMMY NIGGAZ,
50,THE WAVE,
51,HOW I'M COMING,
52,THE SET,
53,THEY MAD,
54,YEA YEA,
55,NNYMF (NOAH NORTH YOUR MY FAVORITE),
56,THIS WORK,
57,SELLING DRUGS,
58,LIKE IT OR NOT,
59,HOW I'M COMING (REMIX),
60,NOBODY SAFE,
61,Facebook Proxy Performances,X
62,SISTERHOOD OF HIP HOP CUES,
63,KEEP IT 100,
64,SHE READY TO FUCK,
65,YouTube - Proxy A/V Perf.,X
66,FOREVER,
67,Multiple,X
68,FOX APR 2018 - APR 2018,X
69,OXY JAN 2015 - DEC 2016,X
70,OXY JAN 2016 - DEC 2016,X
71,TITLE UNKNOWN,X
72,UNKNOWN TITLE,X
73,UNKNOWN WORK,X
74,PRIVATE COPY SETTLEMENT 2019,X
75,RYLTY SUPP JAN 19 - JUN 19,X
76,SUISA VOD SUPPLEMENT,X
77,SUPP - UNKNOWN TITLE,X
78,HOW I M COMING REMIX,
79,NOBODY S SAFE,
80,FACEBOOK PROXY DIST 2018 SETTLEMENT,X
81,GEMA SUPPLEMENT 2019,X
82,YOUTUBE PROXY DIST 2018 SETTLEMENT,X
83,NNYMF NOAH NORTH YOUR MY FAVORITE,
84,PRIVATE COPYING PROXY DIST 2019 SETTLEMENT,X
85,RYLTY SUPP OCT 19-SEPT 20,X
86,MCHC JAN 2017 - DEC 2017,X
87,MCHC JUL 2016 - APR 2017,X
88,BRV JAN 2017 - APR 2017,X
89,OXY JAN 2017 - APR 2017,X
0,ICONIC,
1,LOVE YOU OUT LOUD,
2,CRASH & BURN,
3,LOSING THE LOVE,
4,BLUE HORIZON,
5,NORTHERN LIGHTS,
6,BLISKO MNIE,
7,PRETEND,
8,INTO THE RHYTHM,
9,SOMEBODY TO HURT,
10,PRESIDENT,
11,KINGDOM OF CLOUDS,
12,SNAPSHOT,
13,YOUNG,
14,SIGHT OF RING,
15,MOVING TO LA,
16,DEEPER,
17,YOUNGER CUES,
18,ES TU,
19,E UN ATTIMO,
20,THE SHINING,
21,"SUI FENG ER LAI, SUI FENG ER QU",
22,COME WITH ME (FEAT. AF),
23,UMPAH UMPAH,
24,YOUNG SINATRA,
25,CHANGE,
26,NOTHING LIKE THEM - RADIO EDIT,
27,MORE THAN 100,
28,GIRLFRIEND,
29,AENGELINA JOLIE,
30,SAVE OUR SOULS - RADIO EDIT,
31,"MOGE WSZYSTKO, NIC NIE MUSZE",
32,DROP DROP,
33,LA TUA META,
34,DEEPER (KOREAN VERSION),
35,MIMOCHODEM,
36,VOLCANO,
37,MONEY,
38,NEVER GONNA LEAVE,
39,JAK LEW,
40,FIRE IN THE SKY,
41,HOT!X2,
42,AMAZING!!!!!!,
43,VI GUYS SNOW MAN,
44,TOUCH,
45,SWEET BIRTHDAY,
46,RUNNING WITH THE WOLVES,
47,BETTER DAYS,
48,ORDINARY PEOPLE,
49,EYES OF THE FUTURE,
50,SUPERMAN,
51,SOMETHING WRONG,
52,LIGHTS,
53,KEEP YOU,
54,COME WITH ME (HIGH DIVE),
55,ZONTO,
56,DINGA,
57,TOKYO MAGIC,
58,YELLOW LIGHTS,
59,PROMISE,
60,STOP I KAERLIGHEDENS NAVN,
61,DEJA VU,
62,WAY UP,
63,TRIPPING ON YOU,
64,TALK IN MY SLEEP,
65,GIRLFRIEND SPANISH VERSION,
66,I BELIEVE,
67,MY TREASURE,
68,30 MINUTES MIGHT BE TOO LONG,
69,LAST DANCE,
70,AWESOME (MANDARIN),
71,EXTRANOS,
72,SOLO TU,
73,FAVORITE THING,
74,READY TO LOVE,
75,FORBIDDEN ISLAND,
76,MALA,
77,LUCKY STAR,
78,PAPERBLADES,
79,END OF THE WORLD,
80,COME WITH ME (FEAT. ALEX FUNG),
81,E' UN ATTIMO,
82,LA TUA META',
83,MORE THAN A 100,
84,SUI FENG ER LAI SUI FENG ER QU,
85,ALL THIS TIME,
86,PARADISE (EXTENDED),
0,Real Friends,
1,dangerous,
2,bad one (feat. Alec King),
3,maliboo,
4,how u get,
5,señorita,
6,5 shots,
7,the best,
8,Know Me,
9,independent,
10,Pot of Gold,
11,wave,
12,2 much,
13,u&me&hennessy,
14,SOL GLO,
15,no games,
16,Super Deep Brother,
17,pop a pill,
18,SOS,
19,Deywun (feat. Rae Khalil),
20,diva,
21,where did u go?,
22,jealous,
23,Kill Your Idols,
24,Color Me,
25,Be U,
26,nobody,
27,company,
28,close,
29,Superman (feat. Jerome Thomas),
30,Elevate,
31,designer,
32,Leave (feat. Amal Marie),
33,used to it,
34,Untitled,X
35,foreign,
36,A Guide to Close-Mindedness,
37,Miss Home,
38,maverick,
39,lax,
40,pay stub,
41,Garden Of Eden,
42,04:00:00,
43,come thru,
44,Whoa,
45,Here We Are,
46,Father (feat. Jurdan Bryant),
47,hit my line (feat. June 3rd),
48,Tesla,
49,Tuesday,
50,I.M.B.,
51,Rockstar,
52,Both Of Us (feat. Jordan Ward),
53,For You,
54,Bouncin,
55,Jameson,
56,Hypebeast Shawty,
57,Chef Curry (feat. Aus Taylor & Yung Kyle),
58,Better on Paper (feat. Gianni & Kyle),
59,Called Me,
60,Incantation (feat. Uno Hype),
61,do u even miss me at all?,
62,Don't Make Me Leave,
63,Dangerous.,
64,backstreet boy meets world,
65,she's no angel,
66,say it back,
67,Packaged Goods,
68,Better on Paper (feat. Gianni &amp; Kyle),
69,Chef Curry (feat. Aus Taylor &amp; Yung Kyle),
70,Don&#39;t Make Me Leave,
71,u&amp;me&amp;hennessy,
72,she&#39;s no angel,
73,all eyes on you,
74,be without you,
75,fuckboi,
76,lax ft. billy chambers,
77,right now,
78,silhouette,
79,tension,
80,we ain't,
81,all eyes on you - gianni & kyle,
82,be without you - gianni & kyle,
83,come thru - gianni & kyle,
84,designer - gianni & kyle,
85,foreign - gianni & kyle,
86,fuckboi - gianni & kyle,
87,jealous - gianni & kyle,
88,lax ft. billy chambers - gianni & kyle,
89,maverick - gianni & kyle,
90,pay stub - gianni & kyle,
91,right now - gianni & kyle,
92,silhouette - gianni & kyle,
93,tension - gianni & kyle,
94,we ain't - gianni & kyle,
95,New Hiphop / Rap Mix 2017,X
96,,X
97,Gianni & Kyle,X
98,No Title,X
99,Hit My Line Ft. June3rd,
100,do you even miss me at all?,
101,where did you go?,
102,Bad One - Gianni & Kyle,
103,Dangerous - Gianni & Kyle,
104,How u Get - Gianni & Kyle,
105,Maliboo - Gianni & Kyle,
106,No Games - Gianni & Kyle,
107,Señorita - Gianni & Kyle,
108,The Best - Gianni & Kyle,
109,Bad One,
110,Gianni & Kyle - 5 Shots,
111,WDYM,
112,WHO TAUGHT YOU TO FLY? (SOL GLO) ,
113,UNO HYPE - POT OF GOLD (LIVE FROM HARPINK STUDIOS)  ,
114,UNO HYPE - DEYWUN (LIVE FROM HARPINK STUDIOS)  ,
115,UNO HYPE - LEAVE (OFFICIAL ACOUSTIC VIDEO) ,
116,MISS HOME (OFFICIAL LYRIC VIDEO) ,
117,UNO HYPE - DEYWUN (OFFICIAL ACOUSTIC VIDEO)  FT. RAE KHALIL,
118,FATHER (OFFICIAL LYRIC VIDEO) ,
119,UNO HYPE - SUPER DEEP BROTHER (OFFICIAL LYRIC VIDEO) ,
120,UNO HYPE FEAT. AMAL MARIE - LEAVE (OFFICIAL LYRIC VIDEO)  FT. AMAL MARIE,
121,GARDEN OF EDEN (OFFICIAL LYRIC VIDEO) ,
122,SHINIGAMI (PROD. BY EOM),
123,Moon Rise (Feat. Ace Cosgrove & Vaunfe),
124,fxck the man,
0,AIR FORCES,
1,ALL WHITE EVERYTHING,
2,BOTTOM OF THE MAP,
3,CHECK YA SWAG,
4,CORNER CUTTIN,
5,DA BADDEST,
6,DIGITAL,X
7,DRIFTER,
8,EVER,
9,G WALK,
10,G-WAGON,
11,GANGSTA MUSIC,
12,GET MONEY,
13,GET YA MIND RIGHT,
14,HEAVY,
15,HICKORY DICKORY DOCK,
16,HOLD UP,
17,HYPNOTIZE (INTRO),
18,I'M BACK,
19,IN MY BUSINESS,
20,IN MY TRUCK WITH ME,
21,IN THE AIR,
22,J.E.E.Z.Y.,
23,JIZZLE,
24,KILLA,
25,LOOK IN THE MIRROR,
26,MAN DOWN,
27,MONEY OVER HERE,
28,NMPA LATE FEE SETTLEMENT,X
29,NMPA LATE FEE SETTLEMENT (GROUP II),X
30,OUTTA HERE,
31,OVER HERE,
32,PARKED OUTSIDE,
33,POTS AND PANS,
34,PYREX POT,
35,RATED R,
36,REMEMBER WHEN,
37,RIDE & SWERVE,
38,SADDAM,
39,SENSUAL SEDUCTION,
40,STASH HOUSE,
41,STONED,
42,THAT'S HOW YA FEEL,
43,THAT'S MY HOOD,
44,THUG MOTIVATION 101,
45,TRAP CHECK,
46,TRAP HOUSE,
47,TRAP OR DIE,
48,TWO THANGS,
49,U KNOW WHAT IT IS,
50,VIBE WIT A PIMP (SHAWTY REDD REMIX),
51,WASN'T ME,
52,WE HERE,
53,WHO DAT,
54,WIN,
55,YOU KNOW IT,
56,BIG OL DRIP,
57,DRILL YALL N****Z,
58,MURDA (FEAT ESTELLE),
59,WHERE MY G'S AT,
60,WHAT'S THE DEAL,
61,NO DOPE ON SUNDAYS (FEAT PUSHA T),
62,SIR BRIX A LOT,
63,BREAKAGE,X
0,ALMOST TOUCHED,
1,ANGEL,
2,ASHES,
3,ASTRONAUT,
4,AVE MARIA,
5,AVE MARIA (PORTUGUESE VERSION),
6,BEAUTIFUL LIAR,
7,BEAUTIFUL NIGHT,
8,BEDROOM HYMNS,
9,BREAK THE FALL,
10,BREATHE ME IN,
11,CAN I BEGIN,
12,COLD FRONT,
13,CONTROL,
14,DIFFERENT LIVES,
15,ECHO,
16,ENDORPHINS,
17,FLASHBACK,
18,FOR THE GLORY,
19,FREEZE,
20,FRESH OUT THE OVEN,
21,GETTING NOWHERE,
22,GITANA,
23,GOD KEEPS,
24,GOLD CHAIN,
25,GYPSY,
26,HOLLOW DRUM,
27,I COME APART,
28,I COME APART (ASAP VERSION) *** DO NOT USE ***,
29,JACKSON,
30,KENTUCKY PILL,
31,MAMA TRIED,
32,ME WITHOUT YOU,
33,MISSING,
34,OLD TYME RELIGION,
35,ONCE IN A LIFETIME,
36,ONLY THE HORSES,
37,PIRANHA,
38,RED,
39,ROMEO AND JULIET,
40,RUNNING,
41,SIREN,
42,SOFT CONTROL,
43,SUMMER RAIN,
44,SUN GOES DOWN,
45,SUNBURN,
46,SUPERWOMAN,
47,TATTOO,
48,TATTOO (ACOUSTIC VERSION),
49,THE CONVERSATION,
50,TIDAL WAVE,
51,TOWERS,
52,TRISTESSE,
53,UNDISCOVERED,
54,UNTOUCHABLE,
55,VANITY KILLS,
56,VIRGINIA IS FOR LOVERS,
57,WAKE ALONE,
58,WASTED,
59,WONDERFUL WORLD,
60,JOURNEYMAN THEME,
61,THE NUMBERS,
62,BETRAYAL (JAKWOB REMIX),
63,BETRAYAL (ORIGINAL VERSION),
64,FIRES AND FLAMES,
65,FOREVER,
66,FORGIVE ME,
67,GIRLFRIENDS,
68,IMPOSSIBLE,
69,INVINCIBLE,
70,LET'S GET LOST,
71,MARVELLOUS PARTY,
72,RESTART,
73,SUNSHINE OF YOUR LOVE,
74,TEAR IT DOWN,
75,WHOLE,
76,STAY THE NIGHT,
77,ATOMISED,
78,DON'T START WHAT YOU CAN'T FINISH,
79,MY WINDOW,
80,NEW YORK LULLABY,
81,RED LIGHT,
82,STARS,
83,STRANGERS,
84,THE ONE,
85,BLACK DAYS WHITE NIGHTS,
86,THE CONVERSATION *** DO NOT USE ***,
87,SHINE,
88,HIGH EXPECTATIONS,
89,LUCKY STRIKE,
90,WOMAN,
91,MY CITY,
92,ULTRAVOILET,
93,HANDS UP,
94,BREAKAGE,X
95,NUMB,
96,LIE,
97,IDOL,
98,FILTHY MIND,
99,SILVER LINING,
100,THEY DIDN'T LIE,
101,CELLOPHANE,
102,A CHILD BELIEVES,
103,GLORY GIRL,
104,OOMOL,
105,EMPTY,
106,BLIND MAN,
107,WRONG MAN,
108,EMPTY (HIDEAWAY),
109,BLOOD ON THE LINE,
110,MEDICINE MAN,
111,ONE ON ONE,
112,I AM,
113,YOU'RE BEAUTIFUL,
114,BILLY,
115,BREAK MY WORLD,
116,FEED,
117,CRAVE,
118,SUGAR,
119,TIME MACHINE,
120,GHOST IS GONE,
121,PLAYBOY,
122,THE DEADLY KNOWLEDGE SHOW,
123,DOCTOR DOCTOR,
124,DEEP WATER,
125,YOU'RE PITIFUL,
126,OUT WITH THE TRASH,
127,INFERNOS,
128,SWEETEST CURE,
129,MEKONG RIVER DELTA,
130,BORN,
131,CIRCLES,
132,BEAUTIFUL LIE,
133,THE RUNAWAY,
134,SATELLITES,
135,DISAPPEAR,
136,GROW,
137,SLEEP TONIGHT,
138,LAMENT,
139,MONSTER,
140,DIGITAL,
141,NEED YOU,
142,GIRLS,
143,JESUS,
144,BOY,
145,COULD YOU,
146,KING OF KINGS,
147,KILLIN' TIME,
148,DISAPPEAR (ORIGINAL VERSION),
149,TWENTY ONE,
150,PULLING WEEDS,
151,DON'T FORGET ABOUT ME,
152,ATTRACTION,
153,ALL MINE,
154,YOUNG FOREVER,
155,STRANGER IN THIS TOWN,
156,A FINE COMPROMISE,
157,HAPPY,
158,BUMP N' GRIND,
159,JOY RIDE,
160,LEAVE IT ALL BEHIND,
161,NOT THE ONE,
162,AUTOMATIC,
163,TELL ME THE TRUTH,
164,PROBLEMS,
165,LOVERS LAMENT,
166,RI:SE,
167,DARK GLOBE,
168,SPIRIT ON THE ROAD (VERSION 1),X
169,FREEDOM,
170,MEASURE OF A MAN,
171,BEDROCK,
172,GOING NOWHERE,
173,SLOW LOVE,
174,Angel (On My Shoulder),
175,Humming Bird,
176,The Sun Goes Down,
177,Beautiful,
178,Beautiful Night (Hold On),
179,Beautiful Night Hold On,
180,Best In Town,
181,Betrayal,
182,Down The Line,
183,I Am (Over),
184,Light Me Up,
185,Journeyman,
186,Bullet,
187,I Need You,
188,The Wrong Man,
189,Highrollers,
190,Naked,
191,Satellites (Original Version),
192,Sellophane,
193,Always On Your Side,
194,Doctor Doctor (Incidental Music),
195,Honey Trap,
196,Heroes,
197,Differently,
198,Love Is Underground,
199,S' By Shakira,X
200,Striaght (Incidental Music),
201,Woowoo,
202,Denial,
203,Charade,
204,Til The Day I Die,
205,Ave Maria (Ave Maria),
206,Que Maca Ets,
207,Why Don't You Love Me,
208,Walk The Walk,
209,Disappear Original Version,
210,The First Time,
211,Till The Day I Die,
212,You Re The Eye I Come Apart,
213,Pink Lemonade,
214,Self Control,
215,Bump N Grind,
216,Sweetness,
217,Something For The Weekend,
218,Butterflies,
219,Rain Clouds,
0,Better Anyway (Official Music Video),
1,Better Anyway,
2,Armada Invites Radio 261 (YT),X
3,Armada Invites Radio 267 (YT),X
4,Armada Night Radio 105,X
5,Armada Night Radio 119,X
6,Armada Night Radio 136,X
7,Armada Night Radio 137,X
8,Armada Night Radio 180 (Incl. Loud Luxury Guest Mix),X
9,Ibiza 2016,X
10,Ibiza Closing Party 2016 - Armada Music,X
11,Festival Favorites (The ADE 2016 Edition) - Armada Music,X
12,Armada - Amsterdam Dance Event 2016,X
13,"Armada Deep House Selection, Vol. 15 (The Finest Deep House Tunes) [Extended Versions]",X
14,"Armada Deep House Selection, Vol. 15 (The Finest Deep House Tunes)",X
15,Armada Music - Best Of 2016 [Extended Versions],X
16,Armada Music - Best Of 2016,X
17,#WeArmada 2017 - January,X
18,Dance Essentials 2017 - Armada Music,X
19,#WeArmada 2017 - February,X
20,Armada Miami 2017 (The Club Edition),X
21,Festival Favorites 2017 - Armada Music,X
22,Armada Electric Summer 2017,X
23,Ibiza Closing Party 2017 - Armada Music (Extended Versions),X
24,Ibiza Closing Party 2017 - Armada Music,X
25,WeArmada 2018,X
26,13,
27,Summerdance Megamix Top 100 - 2016,X
28,Summerdance Megamix Top 100 - 2018,X
29,Ride It,
30,Ride It (Remixes),
31,Wanna Lose You (Remixes),
32,Lost & Found,
33,Going Under,
34,Coffee Can Money (feat. RUNAGROUND),
35,Feel So Good,
36,13 (Remixes),
37,KONTOR HOUSE OF HOUSE - SUMMER EDITION 2016 (Kontor),X
38,KONTOR SUMMER JAM 2016 (Kontor),
39,KONTOR FESTIVAL SOUNDS 2016 - THE CLOSING (Kontor),
40,KONTOR TOP OF THE CLUBS 2016.03 (Kontor),X
41,KONTOR TOP OF THE CLUBS 2017.01 (Kontor),X
42,KONTOR TRAPICAL (Kontor),
43,ELECTRO DANCE WORKOUT (Kontor),X
44,CLUB TOOLS PRESENTS IBIZA ESSENTIALS (Kontor),X
45,CLUBSOLUTE: 2016.04 (Kontor),X
46,CLUBSOLUTE: 2017.03 (Kontor),X
47,KONTOR TOP OF THE CLUBS - THE BIGGEST HITS OF THE (Kontor),X
48,KONTOR TRAPICAL 2017.02 - THE FESTIVAL SEASON (Kontor),
49,Armada Night Radio 106,X
50,Wanna Lose You,
51,Over The Edge,
52,Higher,
53,Miracle,
54,Wrong Places,
55,Satellite,
56,Oceans,
57,We Are Young,
58,Savage,
59,Explode,
60,Spitfire,
61,Young In Love,
62,Armada Night Radio 110,X
63,13 out now video,
64,Armada Night Radio 120,X
65,Armada Night Radio 128,X
66,Armada Night Radio 145 (Incl. Sem Vox Guest Mix),X
67,Give Em What They Came For,
68,Armada Night Radio 157 (Incl. Andrew Rayel 'Moments' Album Special),X
69,#WeArmada (Extended Versions),X
70,Armada Miami 2017 (The Club Edition) [Extended Versions],X
71,#WeArmada 2017 - March,X
72,Kingsland Festival 2017,X
73,Armada Electric Summer 2017 (Extended Versions),X
74,Mejores Dance Hits 2017 - Armada Music,X
75,Armada Night Radio 111,X
76,KONTOR TOP OF THE CLUBS VOL. 71 (Kontor),X
77,KONTOR TOP OF THE CLUBS VOL.73 (Kontor),X
78,KONTOR FESTIVAL SOUNDS 2016.03 - THE CLOSING (Kontor),
79,KONTOR TOP OF THE CLUBS - THE BIGGEST HITS OF THE YEAR MMXVI (Kontor),X
80,KONTOR TOP OF THE CLUBS-BIGGEST HITS OF THE YEAR M (Kontor),X
81,KONTOR TRAPICAL 2017 (Kontor),
82,WeArmada Ibiza Pool Party 2018 (Armada Music),X
83,WeArmada - Amsterdam Dance Event 2018  Armada Music (Extended Versions),X
84,WeArmada - Amsterdam Dance Event 2018  Armada Music,X
85,Deep House Hits: Ibiza 2019  Armada Music (Extended Versions),X
86,Deep House Hits: Ibiza 2019  Armada Music,X
87,Make Me Yours,
88,Hits 2018 - Megamix Top 100,X
89,Armada Invites Radio 218 (YT),X
90,Armada Invites Radio 252 (YT),X
91,Armada In The Mix Live stream: Zack Martino,X
92,Summerdance Top 100 2016,X
93,WeArmada Ibiza Pool Party 2018 (Armada Music) [Extended Versions],X
94,BEAST,
95,STAMPEDE,
96,INVINCIBLE,
97,THEY DON'T KNOW US,
98,BIG BANG,
99,ZERO GRAVITY,
100,BREATHE,
101,WILDFIRE,
102,CELEBRATION,
103,SINS,
104,SOULS,
105,COFFEE CAN MONEY,
106,HOLD UP!,
107,YOU,
108,SWEETER WITHOUT YOU,
109,ALIVE,
110,MAKING ME FEEL,
111,SWITCHBLADE,
112,SUN GOES DOWN,
113,TSUNAMI,
114,BREAK THE HOUSE,
115,LOVESTRUCK,
116,TUTANKHAMUN,
117,THIS COULD BE LOVE,
118,ONLY YESTERDAY,
119,MACHI,
120,FROM CALI WITH LOVE,
121,GANGSTEROUS,
122,FRIENDS (BORGEOUS REMIX),
123,Facebook Proxy Performances,X
124,AGGRO,
125,FAMOUS,
126,ONLY LOVE,
127,YouTube - Proxy A/V Perf.,X
128,RAGS TO RICHES,
129,FEELS SO GOOD,
130,RUNNIN,
131,NIGHT AND DAY,
132,IDWGAF,
133,ALCOHOL,
134,EVERYBODY,
135,BAD BOI,
136,ANOTHER DAY,
137,ALL THAT I NEED,
138,NOWHERE,
139,MEDICINE,
140,ANXIETY,
141,INDICA EYES,
142,THAT S WHEN I LEAVE YA,
143,DON T BE SCARED,
144,AT MIDNIGHT,
145,NETFLIX - ADDITIONAL FEES,X
146,Multiple,X
147,INCREDIBLE,
148,NORMALZUSCHLAG,X
149,OCEANS FT. DYSON,
150,HBO JAN 2016 - DEC 2016,X
151,ADD.DISTRIBUTION RADIO BIALYST,X
152,ADD.DISTRIBUTION RADIO LUBLIN,X
153,ADD.DISTRIBUTION RADIO ZIELONA,X
154,REEMISSION 2015: 4FUN FIT & DA,X
155,REEMISSION 2016: 4 FUN FIT & D,X
156,REEMISSION 2016: ESKA TV 2016,X
157,REEMISSION 2016: RADIO NIEPUBL,X
158,REEMISSION 2016: REGION. ROZGL,X
159,LOST FOUND,
160,TSUNAMI (JUMP),
161,CAR SHOW,
162,MCHC JAN 2016 - DEC 2016,X
163,RYLTY SUPP JAN 2018,X
164,HBOL JAN 2015 - DEC 2016,X
165,TOAST,
166,COFFEE CAN MONEY (FEAT. RUNAGR,
167,ADD.DISTRIBUTION FOR 4FUN 2015,X
168,ADD.DISTRIBUTION FOR ESKA TV 2,X
169,ADD.DISTRIBUTION FOR PRIVATE R,X
170,ADD.DISTRIBUTION FOR PUBLIC PE,X
171,ADD.DISTRIBUTION FOR RADIO REG,X
172,RYLTY SUPP DEC 2017,X
173,MCHC JUL 2016 - APR 2017,X
174,RYLTY SUPP JAN 18 - JUN 18,X
175,TSUNAMI / JUMP /,
176,COFFEE CAN MONEY FEAT RUNA,
177,MCHC JAN 2017 - DEC 2017,X
178,RYLTY SUPP JUL 18  OCT 18,X
179,LEAVE,
180,TSUNAMI (JUMP) (FEAT TINIE TEMPAH),
181,TSUNAMI (THE DROP & GIVE ME 20 MIX) - 130 BPM,
182,THEY DON T KNOW US,
183,SACEM SUPPLEMENTAL DIST 648,X
184,TSUNAMI (FRICTION REMIX),
185,COFFEE CAN MONEY FEAT RUNAGROUND,
186,LEGEND,
187,ADD. DISTRIBUTION FOR GOOGLE PLAY 2014-2015 RESIDU,X
188,ADD. DISTRIBUTION FOR YOUTUBE 2017,X
189,TSUNAMI JUMP,
190,RYLTY SUPP JAN 19 - JUN 19,X
191,F/X APR 2018 - APR 2018,X
192,ROYALTY SUPPLEMENT,X
193,JUMP /FEAT TINIE TEMPAH/,
194,MTV APR 2018 - APR 2018,X
195,REEMISSION 2017: RADIO NIEPUBLICZNE I GRUPA 2017,X
196,REEMISSION 2017: RADIO NIEPUBLICZNE IV GRUPA 2017,X
197,ADD.DISTRIBUTION FOR 4FUN FIT&,X
198,ADD.DISTRIBUTION FOR 4FUN TV 2,X
199,ADD.DISTRIBUTION FOR POLSAT 20,X
200,ADD.DISTRIBUTION FOR RADIO LUB,X
201,ADD.DISTRIBUTION FOR RADIO NIE,X
202,ADD.DISTRIBUTION FOR RADIO ZIE,X
203,ADD.DISTRIBUTION FOR TV4FUN 20,X
204,ADD.DISTRIBUTION FOR TV TVN 20,X
205,CANAL+ CYFROWY 2013: REEMISSIO,X
206,REEMISJE 2013: REEMISSION RADI,X
207,REEMISSION 2015: RADIO NIEPUBL,X
208,REEMISSION 2015: REGION. ROZGL,X
209,REEMISSION 2016: TV 4FUN 2016,X
210,REEMISSION 2016: TV ITI NEOVIS,X
211,REEMISSION ESKA TV 2015,X
212,REEMISSION ITI NEOVISION 2014:,X
213,REEMISSION ITI NEOVISION 2015:,X
214,REEMISSION ITI NEOVISION 2016:,X
215,REEMISSION TV 4FUN 2015,X
216,REEMISSION UPC 2015: 4FUN FIT,X
217,REEMISSION UPC 2015: ESKA TV 2,X
218,REEMISSION UPC 2015: PRIVATE R,X
219,REEMISSION UPC 2015: TV 4FUN 2,X
220,REEMISSION UPC 2016: 4 FUN FIT,X
221,REEMISSION UPC 2016: ESKA TV 2,X
222,REEMISSION UPC 2016: RADIO NIE,X
223,REEMISSION UPC 2016: TV 4FUN 2,X
224,REEMISSION UPC 2016: TV ITI NE,X
225,UPC 05.2003 - 05.2013: REEMISS,X
226,UPC 06.2013 - 12.2014: REEMISS,X
227,HBO2 JAN 2016 - DEC 2016,X
228,F/X JAN 2018 - APR 2018,X
229,MTV JAN 2018 - APR 2018,X
230,TSUNAMI (ORIGINAL MIX),
231,FACEBOOK PROXY DIST 2018 SETTLEMENT,X
232,YOUTUBE PROXY DIST 2018 SETTLEMENT,X
233,TSUNAMI CAN T HOLD US (NEITRONIC MASHUP),
234,RESIDUAL PAYMENT 1ST & 2ND HALF 2018,X
235,UNKNOWN TITLE,X
236,F/X JAN 2018 - JAN 2018,X
237,FXM JAN 2018 - JAN 2018,X
238,FRIENDS BORGEOUS REMIX,
239,PRIVATE COPYING PROXY DIST 2011 - 2016 SETTLEMENT,X
240,YOUTUBE PROXY DIST 2011 - 2016 SETTLEMENT,X
241,ADD. DISTR. ITUNES S.A.R.L. 2011/10-2016/12,X
242,ADD DISTR REGION. ROZGL. RADIOWA W OLSZTYNIE,X
243,ADD DISTR REGION. ROZGL. RADIOWA W WARSZAWIE (RDC),X
244,ADD DISTR REGION. ROZGL. RADIOWA W ZIELONEJ GORZE,X
245,ADD. REP. REGION. ROZGL. RADIOWA W BIALYMSTOKU 201,X
246,ADD REP REGION. ROZGL. RADIOWA W LUBLINIE 2017,X
247,REEMISSION ITI NEOVISION 2017: RADIO NIEPUBLICZNE,X
248,REEMISSION UPC 2017: RADIO NIEPUBLICZNE I GRUPA 20,X
249,REEMISSION UPC 2017: RADIO NIEPUBLICZNE IV GRUPA 2,X
250,PRIVATE COPYING PROXY DIST 2017 SETTLEMENT,X
251,YOUTUBE PROXY DIST 2017 SETTLEMENT,X
252,PROXY NOV 2014-FEB 2020 SETTLEMENT,X
253,ADD. DISTRIBUTION REGION. ROZGL. RADIOWA LUBLIN 20,X
254,ADD. DISTRIBUTION REGION. ROZGL. RADIOWA ZIELONA G,X
255,ADD. DISTRIBUTION YOUTUBE NON-MUSIC 2018,X
256,ADDITIONAL DISTRIBUTION,X
257,REEMISSION 2018: 4 FUN DANCE 2018 II GRUPA,X
258,REEMISSION ITI NEOVISION 2018: 4 FUN DANCE 2018,X
259,REEMISSION UPC 2018: 4 FUN DANCE 2018,X
260,TITLE UNKNOWN,X
261,UNKNOWN WORK,X
262,RESIDUAL PAYMENT FROM AUGUST 2020 DISTRIBUTION,X
263,ADD. DISTRIBUTION FOR PUBLIC PERFORMANCE 2019/1,X
264,ADD. DISTRIBUTION FOR PUBLIC PERFORMANCES 2018/2,X
265,ADD. DISTRIBUTION RADIO NIEPUBLICZNE GROUP I 2018,X
266,ADD. DISTRIBUTION RADIO NIEPUBLICZNE GROUP IV 2018,X
267,ADD. DISTRIBUTION RADIO REG. LUBLIN 2014,X
268,ADD. DISTRIBUTION RADIO REG LUBLIN 2018,X
269,ADD. DISTRIBUTION RADIO REG ZIELONA GORA 2018,X
270,ADD. DISTRIBUTION TV 4FUN DANCE 2018,X
271,REEMISSION 2018: RADIO NIEPUBLICZNE I GRUPA 2018,X
272,RT 2018 ADDITIONAL FOR 2014,X
273,SUISA VOD SUPPLEMENT,X
274,OCEANS FT DYSON,
275,RYLTY SUPP MAY 18 - AUG 18,X
276,MTV JUL 2018 - JUL 2018,X
277,F/X JAN 2016 - DEC 2017,X
278,HBO JAN 2016 - DEC 2017,X
279,MTV JAN 2016 - DEC 2017,X
280,F/X JAN 2017 - DEC 2017,X
281,MAX JAN 2016 - DEC 2016,X
282,MAX JAN 2017 - DEC 2017,X
283,MTV JAN 2016 - DEC 2016,X
284,ADD.DISTRIBUTION FOR PRIVATE RADIO GR I 2017,X
285,ADD.DISTRIBUTION FOR PRIVATE RADIO GR IV 2017,X
286,ADD. DISTRIBUTION FOR PUBLIC PERFORMANCE 2018/1,X
287,ADD. DISTRIBUTION FOR PUBLIC PERFORMANCES 2017/2,X
288,ADD.DISTRIBUTION FOR RADIO LUBLIN 2017,X
289,ADD.DISTRIBUTION FOR RADIO OLSZTYN 2017,X
290,ADD.DISTRIBUTION FOR RADIO PUB.CENTRALNE 10.2013-1,X
291,ADD.DISTRIBUTION FOR RADIO PUB.CENTRALNE 2015,X
292,ADD.DISTRIBUTION FOR RADIO PUB.CENTRALNE 2016,X
293,ADD.DISTRIBUTION FOR RADIO ZIELONA GORA 2017,X
294,RYLTY SUPP JUL 18 - DEC 18,X
295,COFFEE CAN MONEY (FEAT RUNAGROUND),
296,NETFLIX JAN - MAR 2018,X
297,NETFLIX JUL - SEPT 2016,X
298,NETFLIX JUL - SEPT 2017,X
299,NETFLIX OCT - DEC 2016,X
300,Souls (Radio Edit),
301,Toast (Original Mix),
302,Going Under (Leon Lour Remix),
303,Lovestruck (Original Mix),
304,Hold Up,
305,Lovestruck (Radio Edit),
306,No Title,X
307,Breathe You In,
308,Leave - Borgeous & Jordyn Jones,
309,,X
310,Title,X
311,Borgeous EDC 2018 mk3,X
312,Borgeous EDC Vegas 2018,X
313,13 - Out Now,
314,Alive LyricVideo 1mk2,
315,Army,
316,BORGEOUS,X
317,Chicago Aftermovie (Night Lights Borgeous Remix),
318,Ciara - Goodies (BORGEOUS Remix),
319,Full Circle,
320,GANGSTEROUS (Official Video),
321,House Of Borgeous World Tour Announcement,X
322,IDWGAF Ft Alex Isaak,
323,Invincible (Official Music Video),
324,K Theory - Night Lights (Borgeous Remix),
325,Live in Houston,X
326,London Music Hall (Toast),
327,My Sweet Summer (Borgeous Remix) [FREE DOWNLOAD],
328,Revolt TV interview,X
329,SCMF 2015 (Official After Movie),X
330,Switchblade Ft Jared Watson,
331,Friends (Borgeous Remix) [Static Video],
332,Souls & Sins (Making the video),
333,Live In Croatia (Toast),
334,All That I Neeed,
335,Idwgaf (feat. Alex Isaak),
336,Switchblade (feat. Jared Watson),
337,Alive (feat. IAMSU),
338,The Republik Honolulu Aftermovie (Toast),
339,"Dimitri Vegas & Like Mike, DVBBS, Stampede",
340,Around The World,
341,Live at TomorrowWorld - My Sweet Summer (Borgeous Remix),
342,Seoul and Singapore,X
343,Souls & Sins Tour - Episode 2,
344,Jordyn Jones,
345,House Of Launches on Sirius XM December 12th,X
346,Live at ilesoniq (Zero Gravity),
347,Borgeous Alive LyricVideo 1mk2,
348,Borgeous  All That I Need,
349,Borgeous  IDWGAF Ft Alex Isaak,
350,Borgeous  Sun Goes Down,
351,Borgeous  Switchblade Ft Jared Watson,
352,Live at Summer Set (Zero Gravity),
353,Fortnite Fails LeBron,X
354,Akari,
355,Bourgeous Pub,X
356,Celebration (Coming Soon),
357,Tutankhamun - Original Mix,
358,HOB XM 152,X
359,HOB XM 150,X
360,HOB XM 153,X
361,HOB XM 154,X
362,HOB XM 151,X
363,HOB XM 155,X
364,HOB XM 157,X
365,HOB XM 158,X
366,HOB XM 146,X
367,We Are Young - Borgeous & Ashley Wallbridge feat. Anki,
368,Decisions,
369,Rescue Me,
370,Lay It on Me,
371,Underground,
372,That's When I Leave Ya,
373,Nobody,
374,Night & Day,
375,Don't Be Scared,
376,Runnin',
377,Do It,
378,U & Me,
379,Mamba,
380,Goodbye,
381,Time,
382,Closer,
383,Someone Save Me,
384,Oh Baby Oh Baby,
385,Set Me Free,
386,Can You Feel It,
387,Howl (Come On!),
388,Tiff's Theme,
389,Alone Together,
390,"A-Tisket, A-Tasket",
391,Superbad,
392,Serenity,
393,Fast Car,
394,Never Know,
395,Stop Drop,
396,Lights Out,
397,Dim Mak Greatest Hits 2017: Originals,X
398,Dim Mak Greatest Hits 2017: Originals - Facebook m,X
399,Hold Up - Universal Austria royalty,
400,Big Bang (2015 Life In Color Anthem),
401,Yesterday,
402,Seven Nation Army vs. Beast,
403,Brightside,
404,Pursuit Of Celebration,
405,Ten Feet Tall,
406,Flamme Wildfire,X
407,This Could Be Dead Mans Hand,
408,Celebration vs. Ducks & D's,
409,Stampede Alive,
410,Tutankhamun Goldskies,
411,Break The Numb Tremor Pong,
412,Invincible vs. How We Party,
413,Tutankhamun (Original Mix),
414,Famous (feat. Morgan St. Jean),
415,Tsunami (Ringtone),
416,This Could Be Love feat. Delaney Jane,
417,Spinnin Records Best of Dance 2014,X
418,"Spinnin Records Best of Dance 2015, Vol. 2",X
419,Spinnin Sessions Amsterdam Dance Event 2014,X
420,"Spinnin Records Best of Dance 2015, Vol. 3",X
421,Spinnin Records Dance Top 20: Best of 2015,X
422,Spinnin Records Dance Top 50 Best of 2015,X
423,Invincible - Ninni Angemi Remix,
424,Invincible - JayKode Remix,
425,Invincible - Original Mix,
426,Invincible - Markus Cole Remix,
427,They Don't Know Us - Original Mix,
428,"Spinnin Records Best of Dance 2015, Vol. 1",X
429,Souls (feat. M.BRONX),
430,Beast (Original Mix),
431,Invincible (JayKode Remix),
432,Invincible (Markus Cole Remix),
433,Invincible (Original Mix),
434,Invincible (Ninni Angemi Remix),
435,Breathe - Original Mix,
436,Breathe (Original Mix),
437,They Don't Know Us (Original Mix),
438,Souls (Official Music Video),
439,Break The House (Original Mix),
440,Big Bang (2015 Life In Color Anthem) (Radio Edit),
441,Borgeous & Shaun Frank - This Could Be Love feat. Delaney Jane - Original  Mix,
442,Souls - Thomas Gold Remix,
443,Zero Gravity (Radio Edit),
444,Beast - Original Mix,
445,Souls - Andres Fresko Remix,
446,This Could Be Love - Radio Edit,
447,Souls (Thomas Gold Remix),
448,Zero Gravity - Original Mix,
449,They Don't Know Us (Radio Edit),
450,Wildfire (Original Mix),
451,This Could Be Love feat. Delaney Jane (Radio Edit),
452,Souls - Morgan Page Remix,
453,Invincible (Radio Edit),
454,Souls (Extended Mix),
455,This Could Be Love (feat. Delaney Jane),
456,Machi (Extended Mix),
457,Zero Gravity (feat. Lights),
458,Stampede - Original Mix,
459,Big Bang (2015 Life In Color Anthem) - Radio Edit,
460,They Don't Know Us - Radio Edit,
461,Stampede - Major Lazer x P.A.F.F. Remix,
462,Zero Gravity - Radio Edit,
463,Invincible - Radio Edit,
464,Stampede (Dimitri Vegas & Like Mike vs. DVBBS & Borgeous),
465,Souls (feat. M.BRONX) (Extended Mix),
466,This Could Be Love feat. Delaney Jane (Original  Mix),
467,Souls (feat. M. Bronx),
468,Zero Gravity (Original Mix),
469,Souls (feat. Bronx),
470,Souls (Morgan Page Remix),
471,Big Bang (2015 Life In Color Anthem) (Zestty & Lev Remix),
472,Borgeous & Shaun Frank Borgeous & Shaun Frank - This Could Be Love feat. Delaney Jane - Original  Mix,
473,Borgeous & Tony Junior Borgeous & Tony Junior - Break The House,
474,Borgeous Invincible,
475,Borgeous & Shaun Frank feat. Delaney Jane This Could Be Love,
476,BORGEOUS - INVINCIBLE,
477,"Magic Tunes, Vol. 1",X
478,Fresh Hits Wiosna 2014,X
479,Hity Na Czasie Jesień 2014,X
480,"Najlepsze hity dla Ciebie, vol. 2",X
481,WiMP Presents - Dance Or Die,X
482,Warsaw Shore,X
483,Borgeous Wildfire,
484,Borgeous  Celebration,
485,Fresh Hits Wiosna 2015,X
486,Machi (Radio Edit),
487,They Don't Know Us - Piano Version,
488,Lovestruck - Original Mix,
489,Wildfire (Official Music Video),
490,Dimitri Vegas & Like Mike vs DVBBS & Borgeous   Stampede,
491,Stampede (Original Mix),
492,Yesterday (Extended Mix),
493,Stampede (Major Lazer x P.A.F.F. Remix),
494,"Dimitri Vegas & Like Mike, DVBBS, Borgeous - Stampede (Available November 18)",
495,Souls (Andres Fresko Remix),
496,Big Bang (2015 Life In Color Anthem) - Original Mix,
497,Celebration (Original Mix Edit),
498,Big Bang (2015 Life In Color Anthem) (Original Mix),
499,Machi - Extended Mix,
500,They Don't Know Us OFFICIAL VIDEO,
501,Souls feat. M.BRONX,
502,Break The House - Original Mix,
503,Dimitri Vegas & Like Mike vs. DVBBS & Borgeous Stampede,
504,Borgeous & Shaun Frank feat. Delaney Jane This Could Be Love (Radio Edit),
505,"Borgeous & Shaun Frank, Delaney Jane This Could Be Love - Radio Edit",
506,"Delaney Jane, Borgeous & Shaun Frank This Could Be Love - Radio Edit",
507,Borgeous Celebration,
508,Thomas Gold & Borgeous Beast - Radio Edit,
509,Borgeous Invincible - Markus Cole Remix,
510,Borgeous Invincible - 0,
511,Borgeous Invincible - JayKode Remix,
512,Borgeous Invincible - Ninni Angemi Remix,
513,Thomas Gold & Borgeous Beast,
514,Wildfire (Radio Edit),
515,Stampede (Major Lazer x P.A.F.F. Remix Edit),
516,Stampede ( Original Mix ),
517,This Could Be Love (Original Mix),
518,This Could Be Love (Radio Edit),
519,Wildfire - Radio Edit,
520,This Could Be Love feat. Delaney Jane - Original Mix,
521,BIG BANG (2015 LIFE IN COLOR ANTHEM) [ZESTTY & 57 60.000 0.96,
522,BIG BANG (2015 LIFE IN COLOR ANTHEM) [ZESTTY & LEV,
523,BIG BANG (2015 LIFE IN COLOR ANTHEM) [ZESTTY & 31 60.000 0.61,
524,SOULS (FEAT. M.BRONX) [THE REMIXES],
525,BIG BAND (2015 LIFE IN COLOR ANTHEM),
526,BIG BAND 2015 (LIFE IN COLOR ANTHEM) [ZESTTY & LEV,
527,Invincible [Original Mix],
528,Borgeous Invincible (Radio Edit),
529,BORGEOUS - INVICIBLE,
530,Souls The Remixes,
531,Borgeous - Wildfire (Original Mix),
532,Borgeous - They Don't Know Us (Out Now),
533,Borgeous Feat. Lights - Zero Gravity (Original Mix),
534,Borgeous & Tony Junior - Break The House (Original Mix),
535,Borgeous - Wildfire (Danny Howard BBC Radio 1 Rip) [Available June 9],
536,Borgeous - They Don't Know Us (Original Mix),
537,Yersterday,
538,Borgeous - Breathe (OUT NOW),
539,Borgeous & Mike Hawkins - Lovestruck (Original Mix),
540,Borgeous & Mike Hawkins - Lovestruck (Available August 7),
541,Borgeous & Tony Junior - Break The House,
542,Dimitri Vegas & Like Mike vs DVBBS & Borgeous - Stampede (Major Lazer X P.A.F.F. Remix) [March 10],
543,Tomorrow (Give It To The Night/The Tomorrowland Anthem),
544,S-tasy Vol.2,X
545,Hyper Spinnin' Vol.3,X
546,Borgeous & David Solano - Big Bang (2015 Life In Color Anthem),
547,Thomas Gold & Borgeous - Beast (Original Mix),
548,Thomas Gold & Borgeous - Beast (OUT NOW),
549,Borgeous - Celebration (Original Mix),
550,Borgeous & Shaun Frank - This Could Be Love feat. Delaney Jane,
551,Borgeous & Ryos - Machi (Preview) [OUT NOW],
552,Big Bang (2015 Life In Color Anthem) [Official Music Video],
553,Breathe (Official Music Video),
554,Break The House Down,
555,They Don't Know Us (Piano Version),
556,Zero Gravity (Official Video),
557,Spinnin Sessions Miami 2015,X
558,Big Bang (2015 Life In Color Anthem) [Radio Edit],
559,Souls (feat. M.BRONX) [Morgan Page Remix],
560,This Could Be Love (feat. Delaney Jane) [Radio Edit],
561,Zero Gravity (feat. Lights) [Radio Edit],
562,Souls (feat. M.BRONX) [Extended Mix],
563,Souls (feat. M.BRONX) [Thomas Gold Remix],
564,Souls (feat. M.BRONX) [Andres Fresko Remix],
565,Big Bang (2015 Life In Color Anthem) [Zestty & Lev Remix],
566,Fun List 2015,X
567,Borgeous & Shaun Frank - This Could Be Love ft Delaney Jane (Original Mix),
568,Dimitri Vegas & Like Mike vs. Dvbbs & Borgeous Stampede (Original Mix Edit),
569,DIMITRI VEGAS & LIKE MIKE VS. DVBBS & BORGEOUS STAMPEDE ORIGINAL MIX EDIT,
570,Bravo Hits Wiosna 2014,X
571,"Dimitri Vegas & Like Mike, DVBBS & Borgeous Stampede - Original Mix Edit",
572,Wildfire - Original Mix,
573,Sander van Doorn Presents Doorn Records Best Of 2013,
574,Kingsday Beats 2015,X
575,Tsunami (Jump) [Official Video],
576,Tsunami - Original Mix,
577,Wizard (Original Mix),
578,Tsunami (Jump) (Radio Edit),
579,DVBBS & Borgeous - TSUNAMI (Original Mix),
580,Tsunami (Jump) - Radio Edit,
581,Tsunami - Blasterjaxx Remix,
582,Tsunami - Radio Edit,
583,Tsunami (Radio Edit),
584,Tsunami (Jump) [feat. Tinie Tempah],
585,Tsunami (Blasterjaxx Remix),
586,DVBBS & BORGEOUS FEAT. TINIE TEMPAH TSUNAMI (JUMP) RADIO EDIT,
587,Dvbbs & Borgeous Tsunami,
588,DVBBS & Borgeous feat. Tinie Tempah Tsunami (Jump),
589,DVBBS & BORGEOUS FEAT. TINIE TEMPAH - TSUNAMI (JUMP),
590,Running Hits (Najlepsza Muzyka Do Biegania),X
591,Party Time 2014,X
592,Fresh Hits Zima 2014,X
593,Hity na czasie Zima 2013/2014,X
594,Hity roku 2014,X
595,Muzyka na Dzień Kobiet 2014 (mężczyźni o kobietach i dla kobiet),X
596,Hity na Wielkanoc,X
597,Rockin,
598,DVBBS & BORGEOUS TSUNAMI ORIGINAL MIX,
599,TSUNAMI (Official Video),
600,NOW 2014 - VOL. 2,X
601,BOMB SQUAD VOL. 1,X
602,ONELOVE Sonic Boom Box 2014,X
603,Bomb Squad Vol. 1: Continuous DJ Mix,X
604,This Is..EDM Vol II,X
605,"DVBBS & Borgeous, Tinie Tempah Tsunami (Jump) - Radio Edit",
606,Twoloud vs. Julian Jordan Rockin,
607,DVBBS & Borgeous feat. Tinie Tempah Tsunami (Jump) (Radio Edit),
608,Tsunami ( Blasterjaxx Remix ),
609,Tsunami ( Blasterjaxx Remix Edit ),
610,The Annual 2015,X
611,Tsunami - Blasterjaxx Remix Edit,
612,MACHI / BORGEOUS & RYOS,
613,THIS COULD BE LOVE (FEAT. DELANEY JANE) -,
614,YESTERDAY (EXTENDED MIX) - BORGEOUS & ZAEDEN DIG,
615,SOULS (THOMAS GOLD REMIX) - BORGEOUS,
616,CELEBRATION - BORGEOUS,
617,LOVESTRUCK (RADIO EDIT) - BORGEOUS & MIKE,
618,STAMPEDE - DIMITRI VEGAS & LIKE MIKE VS DVBBS &,
619,MACHI (RADIO EDIT) - BORGEOUS & RYOS,
620,THEY DON'T KNOW US - BORGEOUS,
621,YESTERDAY - BORGEOUS & ZAEDEN,
622,WILDFIRE - SINGLE - BORGEOUS,
623,LOVESTRUCK (ORIGINAL MIX) / BORGEOUS DIG,
624,CELEBRATION / BORGEOUS,
625,SOULS (MORGAN PAGE REMIX) /,
626,YESTERDAY (EXTENDED MIX) / BORGEOUS DIG,
627,Stampede / Dimitri Vegas & Like Mike,
628,WILDFIRE / BORGEOUS,
629,THEY DON'T KNOW US / BORGEOUS,
630,THIS COULD BE LOVE (FEAT. / SHAUN,
631,INVINCIBLE - BORGEOUS,
632,WILDFIRE - BORGEOUS,
633,INVINCIBLE / BORGEOUS,
634,BIG BANG (2015 LIFE IN CO / DAVID,
635,Big Band (2015 Life In Co / Borgeous & David Solano,
636,Lovestruck - Radio Edit,
637,Yesterday - Extended Mix,
638,Beast Original Mix,
639,Break The House Original Mix,
640,Celebration Original Mix,
641,Wildfire Original Mix,
642,Stampede MAjor Lazer x P.A.F.F. Remix,
643,Souls (feat. M.BRONX) (Thomas Gold Remix),
644,Celebration - Original Mix Edit,
645,Borgeous Breathe,
646,DIMITRI VEGAS & LIKE MIKE VS DVBBS & BORGEOUS - STAMPEDE,
647,Souls - Extended Mix,
648,This Could Be Love (feat. Delaney Jane) (Radio Edit),
649,Zero Gravity (feat. Lights) (Radio Edit),
650,Celebration (Clean Original Mix),
651,Souls (feat. M.BRONX) (Morgan Page Remix),
652,Souls ( feat. M.BRONX),
653,Souls (Thomas Gold Remix) ( feat. M.BRONX),
654,Breathe borgeous,
655,Invincible Borgeous,
656,Do It Like That (Original Mix),
657,Break The House (Official Music Video),
658,TSUNAMI (JUMP) [FEAT. TINIE TEMPAH] -,
659,"TSUNAMI - DVBBS,BORGEOUS",
660,TSUNAMI (JUMP) [FEAT. TIN /,
661,Tsunami / Dvbbs & Borgeous,
662,TSUNAMI ORIGINAL MIX,
663,DVBBS & BORGEOUS - TSUNAMI,
664,Zero Gravity (Radio Edit) (feat. Lights),
665,Stampede (Major Lazer & P.A.F.F. Remix),
666,This Could Be Love feat. Delaney Jane (Original Mix),
667,Zero Gravity (Original Mix) (feat. Lights),
668,This Could Be Love (Radio Edit) (feat. Delaney Jane),
669,Souls (Extended Mix) (feat. M.BRONX),
670,Big Bang (2015 Life In Color Anthem) (Zestty & Lev Remix Edit) ,
671,Celebration(Original Mix),
672,Zero Gravity (feat. Lights) (Original Mix),
673,Break The House(Original Mix) ,
674,Big Bang (2015 Life In Color Anthem) - Zestty & Lev Remix,
675,Dimitri Vegas & Like Mike vs DVBBS & Borgeous - Stampede (Original Mix),
676,Borgeous & Zaeden - Yesterday [OUT NOW],
677,Borgeous feat. M.BRONX - Souls (Extended Mix),
678,Borgeous & Ryos - Machi (Extended Mix) [OUT NOW],
679,Dimitri Vegas & Like Mike vs DVBBS & Borgeous - Stampede (Major Lazer x P.A.F.F. Remix),
680,Borgeous & David Solano - Big Bang (2015 Life In Color Anthem) (Zestty & Lev Remix),
681,Borgeous - Celebration (Nicky Romero's Protocol Radio Rip),
682,This Could Be Love feat. Delaney Jane (Official Music Video),
683,Beast (Official Live Video),
684,Yesterday (Official Music Video),
685,This Could Be Love feat. Delaney Jane - Radio Edit,
686,Celebration (Teaser 2),
687,Celebration (Original Mix),
688,Wildfire (Danny Howard BBC Radio 1 Rip),
689,Breathe (Teaser),
690,Beast (Teaser),
691,BORGEOUS - Celebration (Teaser),
692,Break The House (Teaser),
693,Spinnin' Sessions 037 - Guest: Borgeous,X
694,Invincible (Steerner Remix),
695,Big Bang (2015 Life in Color Anthem) [Zestty and Lev Remix] [Rad,
696,Invincible (Stonebridge Extended Mix),
697,Invincible (Dexcell Remix),
698,Invincible (Radio Mix),
699,Spinnin Records Dance Top 50 Best Of 2014,X
700,Souls (Andres Fresko Remix) (feat. M.BRONX),
701,Souls (Morgan Page Remix) (feat. M.BRONX),
702,Souls (Thomas Gold Remix) (feat. M.BRONX),
703,Souls (Morgan Page Remix) ( feat. M.BRONX),
704,Souls (Andres Fresko Remix) ( feat. M.BRONX),
705,Borgeous - Breath (Original Mix),
706,Borgeous & Tony Junior Break The House,
707,Borgeous Borgeous - Invincible - Markus Cole Remix,
708,Zero Gravity (Feat.Lights) (Original Mix),
709,Machi (Extened Mix),
710,Souls (Feat.M.Bronx) (Andres Fresko Remix),
711,SOULS (MAS SHARE ONLY),
712,THEY DON'T KNOW US (MAS SHARE ONLY),
713,Ride It (ft. Sean Paul) (7 Skies & SISSA Remix),
714,Ride It (ft. Sean Paul) (SAYMYNAME Remix),
715,Wanna Lose You (Ryos Remix),
716,"Borgeous, 7 Skies & Sissa - Satellite",
717,Borgeous & BRKLYN - Miracle (feat. Lenachka),
718,Borgeous & tyDi - Over the Edge (feat. Dia),
719,Borgeous & MORTEN - Coffee Can Money (Lyric),
720,"Borgeous, Tre Sera - Give Em What They Came For ft. Avena Savage",
721,Borgeous & MORTEN - Coffee Can Money (Lyric) ft. RUNAGROUND,
722,Wanna Lose You (Andres Fresko Remix),
723,Wanna Lose You (NOSAM Remix),
724,Wanna Lose You (Savi Remix),
725,Wanna Lose You (Riggi & Piros Remix),
